ID,Datetime,Count
16058,25-06-2014 02:00,218
16059,25-06-2014 03:00,244
16060,25-06-2014 04:00,168
16061,25-06-2014 05:00,140
16062,25-06-2014 06:00,156
16063,25-06-2014 07:00,244
16064,25-06-2014 08:00,322
16065,25-06-2014 09:00,338
16066,25-06-2014 10:00,444
16067,25-06-2014 11:00,474
16068,25-06-2014 12:00,452
16069,25-06-2014 13:00,364
16070,25-06-2014 14:00,426
16071,25-06-2014 15:00,442
16072,25-06-2014 16:00,432
16073,25-06-2014 17:00,484
16074,25-06-2014 18:00,494
16075,25-06-2014 19:00,496
16076,25-06-2014 20:00,442
16077,25-06-2014 21:00,358
16078,25-06-2014 22:00,402
16079,25-06-2014 23:00,356
16080,26-06-2014 00:00,338
16081,26-06-2014 01:00,232
16082,26-06-2014 02:00,330
16083,26-06-2014 03:00,604
16084,26-06-2014 04:00,350
16085,26-06-2014 05:00,256
16086,26-06-2014 06:00,226
16087,26-06-2014 07:00,316
16088,26-06-2014 08:00,324
16089,26-06-2014 09:00,336
16090,26-06-2014 10:00,434
16091,26-06-2014 11:00,440
16092,26-06-2014 12:00,520
16093,26-06-2014 13:00,472
16094,26-06-2014 14:00,452
16095,26-06-2014 15:00,404
16096,26-06-2014 16:00,458
16097,26-06-2014 17:00,456
16098,26-06-2014 18:00,356
16099,26-06-2014 19:00,568
16100,26-06-2014 20:00,488
16101,26-06-2014 21:00,394
16102,26-06-2014 22:00,330
16103,26-06-2014 23:00,402
16104,27-06-2014 00:00,320
16105,27-06-2014 01:00,226
16106,27-06-2014 02:00,222
16107,27-06-2014 03:00,148
16108,27-06-2014 04:00,150
16109,27-06-2014 05:00,132
16110,27-06-2014 06:00,132
16111,27-06-2014 07:00,162
16112,27-06-2014 08:00,190
16113,27-06-2014 09:00,256
16114,27-06-2014 10:00,320
16115,27-06-2014 11:00,352
16116,27-06-2014 12:00,378
16117,27-06-2014 13:00,318
16118,27-06-2014 14:00,390
16119,27-06-2014 15:00,292
16120,27-06-2014 16:00,344
16121,27-06-2014 17:00,330
16122,27-06-2014 18:00,376
16123,27-06-2014 19:00,402
16124,27-06-2014 20:00,360
16125,27-06-2014 21:00,384
16126,27-06-2014 22:00,318
16127,27-06-2014 23:00,274
16128,28-06-2014 00:00,318
16129,28-06-2014 01:00,276
16130,28-06-2014 02:00,212
16131,28-06-2014 03:00,140
16132,28-06-2014 04:00,124
16133,28-06-2014 05:00,106
16134,28-06-2014 06:00,116
16135,28-06-2014 07:00,110
16136,28-06-2014 08:00,166
16137,28-06-2014 09:00,156
16138,28-06-2014 10:00,274
16139,28-06-2014 11:00,278
16140,28-06-2014 12:00,240
16141,28-06-2014 13:00,210
16142,28-06-2014 14:00,232
16143,28-06-2014 15:00,248
16144,28-06-2014 16:00,256
16145,28-06-2014 17:00,224
16146,28-06-2014 18:00,320
16147,28-06-2014 19:00,194
16148,28-06-2014 20:00,260
16149,28-06-2014 21:00,252
16150,28-06-2014 22:00,260
16151,28-06-2014 23:00,266
16152,29-06-2014 00:00,266
16153,29-06-2014 01:00,230
16154,29-06-2014 02:00,140
16155,29-06-2014 03:00,134
16156,29-06-2014 04:00,118
16157,29-06-2014 05:00,98
16158,29-06-2014 06:00,138
16159,29-06-2014 07:00,148
16160,29-06-2014 08:00,146
16161,29-06-2014 09:00,148
16162,29-06-2014 10:00,210
16163,29-06-2014 11:00,190
16164,29-06-2014 12:00,202
16165,29-06-2014 13:00,194
16166,29-06-2014 14:00,218
16167,29-06-2014 15:00,180
16168,29-06-2014 16:00,206
16169,29-06-2014 17:00,192
16170,29-06-2014 18:00,222
16171,29-06-2014 19:00,232
16172,29-06-2014 20:00,270
16173,29-06-2014 21:00,280
16174,29-06-2014 22:00,274
16175,29-06-2014 23:00,274
16176,30-06-2014 00:00,204
16177,30-06-2014 01:00,138
16178,30-06-2014 02:00,148
16179,30-06-2014 03:00,156
16180,30-06-2014 04:00,122
16181,30-06-2014 05:00,116
16182,30-06-2014 06:00,150
16183,30-06-2014 07:00,160
16184,30-06-2014 08:00,178
16185,30-06-2014 09:00,356
16186,30-06-2014 10:00,410
16187,30-06-2014 11:00,472
16188,30-06-2014 12:00,474
16189,30-06-2014 13:00,372
16190,30-06-2014 14:00,424
16191,30-06-2014 15:00,484
16192,30-06-2014 16:00,412
16193,30-06-2014 17:00,416
16194,30-06-2014 18:00,424
16195,30-06-2014 19:00,388
16196,30-06-2014 20:00,386
16197,30-06-2014 21:00,382
16198,30-06-2014 22:00,378
16199,30-06-2014 23:00,398
16200,01-07-2014 00:00,340
16201,01-07-2014 01:00,218
16202,01-07-2014 02:00,214
16203,01-07-2014 03:00,176
16204,01-07-2014 04:00,148
16205,01-07-2014 05:00,176
16206,01-07-2014 06:00,146
16207,01-07-2014 07:00,200
16208,01-07-2014 08:00,216
16209,01-07-2014 09:00,308
16210,01-07-2014 10:00,292
16211,01-07-2014 11:00,432
16212,01-07-2014 12:00,496
16213,01-07-2014 13:00,400
16214,01-07-2014 14:00,458
16215,01-07-2014 15:00,444
16216,01-07-2014 16:00,418
16217,01-07-2014 17:00,402
16218,01-07-2014 18:00,394
16219,01-07-2014 19:00,430
16220,01-07-2014 20:00,428
16221,01-07-2014 21:00,408
16222,01-07-2014 22:00,358
16223,01-07-2014 23:00,334
16224,02-07-2014 00:00,374
16225,02-07-2014 01:00,236
16226,02-07-2014 02:00,200
16227,02-07-2014 03:00,138
16228,02-07-2014 04:00,136
16229,02-07-2014 05:00,124
16230,02-07-2014 06:00,134
16231,02-07-2014 07:00,222
16232,02-07-2014 08:00,206
16233,02-07-2014 09:00,254
16234,02-07-2014 10:00,426
16235,02-07-2014 11:00,450
16236,02-07-2014 12:00,476
16237,02-07-2014 13:00,414
16238,02-07-2014 14:00,402
16239,02-07-2014 15:00,408
16240,02-07-2014 16:00,364
16241,02-07-2014 17:00,430
16242,02-07-2014 18:00,442
16243,02-07-2014 19:00,432
16244,02-07-2014 20:00,428
16245,02-07-2014 21:00,394
16246,02-07-2014 22:00,362
16247,02-07-2014 23:00,374
16248,03-07-2014 00:00,324
16249,03-07-2014 01:00,228
16250,03-07-2014 02:00,226
16251,03-07-2014 03:00,168
16252,03-07-2014 04:00,142
16253,03-07-2014 05:00,132
16254,03-07-2014 06:00,156
16255,03-07-2014 07:00,184
16256,03-07-2014 08:00,220
16257,03-07-2014 09:00,260
16258,03-07-2014 10:00,478
16259,03-07-2014 11:00,464
16260,03-07-2014 12:00,470
16261,03-07-2014 13:00,394
16262,03-07-2014 14:00,442
16263,03-07-2014 15:00,488
16264,03-07-2014 16:00,410
16265,03-07-2014 17:00,384
16266,03-07-2014 18:00,410
16267,03-07-2014 19:00,364
16268,03-07-2014 20:00,324
16269,03-07-2014 21:00,374
16270,03-07-2014 22:00,356
16271,03-07-2014 23:00,376
16272,04-07-2014 00:00,400
16273,04-07-2014 01:00,364
16274,04-07-2014 02:00,284
16275,04-07-2014 03:00,230
16276,04-07-2014 04:00,190
16277,04-07-2014 05:00,180
16278,04-07-2014 06:00,160
16279,04-07-2014 07:00,214
16280,04-07-2014 08:00,220
16281,04-07-2014 09:00,292
16282,04-07-2014 10:00,478
16283,04-07-2014 11:00,504
16284,04-07-2014 12:00,576
16285,04-07-2014 13:00,442
16286,04-07-2014 14:00,488
16287,04-07-2014 15:00,502
16288,04-07-2014 16:00,422
16289,04-07-2014 17:00,594
16290,04-07-2014 18:00,594
16291,04-07-2014 19:00,564
16292,04-07-2014 20:00,500
16293,04-07-2014 21:00,472
16294,04-07-2014 22:00,358
16295,04-07-2014 23:00,414
16296,05-07-2014 00:00,388
16297,05-07-2014 01:00,278
16298,05-07-2014 02:00,234
16299,05-07-2014 03:00,226
16300,05-07-2014 04:00,194
16301,05-07-2014 05:00,190
16302,05-07-2014 06:00,180
16303,05-07-2014 07:00,196
16304,05-07-2014 08:00,234
16305,05-07-2014 09:00,258
16306,05-07-2014 10:00,322
16307,05-07-2014 11:00,284
16308,05-07-2014 12:00,248
16309,05-07-2014 13:00,256
16310,05-07-2014 14:00,268
16311,05-07-2014 15:00,224
16312,05-07-2014 16:00,254
16313,05-07-2014 17:00,274
16314,05-07-2014 18:00,268
16315,05-07-2014 19:00,300
16316,05-07-2014 20:00,288
16317,05-07-2014 21:00,272
16318,05-07-2014 22:00,298
16319,05-07-2014 23:00,316
16320,06-07-2014 00:00,260
16321,06-07-2014 01:00,222
16322,06-07-2014 02:00,194
16323,06-07-2014 03:00,184
16324,06-07-2014 04:00,142
16325,06-07-2014 05:00,220
16326,06-07-2014 06:00,254
16327,06-07-2014 07:00,282
16328,06-07-2014 08:00,234
16329,06-07-2014 09:00,248
16330,06-07-2014 10:00,250
16331,06-07-2014 11:00,276
16332,06-07-2014 12:00,292
16333,06-07-2014 13:00,290
16334,06-07-2014 14:00,258
16335,06-07-2014 15:00,234
16336,06-07-2014 16:00,272
16337,06-07-2014 17:00,272
16338,06-07-2014 18:00,318
16339,06-07-2014 19:00,380
16340,06-07-2014 20:00,446
16341,06-07-2014 21:00,400
16342,06-07-2014 22:00,428
16343,06-07-2014 23:00,376
16344,07-07-2014 00:00,310
16345,07-07-2014 01:00,300
16346,07-07-2014 02:00,232
16347,07-07-2014 03:00,250
16348,07-07-2014 04:00,162
16349,07-07-2014 05:00,158
16350,07-07-2014 06:00,230
16351,07-07-2014 07:00,260
16352,07-07-2014 08:00,272
16353,07-07-2014 09:00,352
16354,07-07-2014 10:00,568
16355,07-07-2014 11:00,590
16356,07-07-2014 12:00,642
16357,07-07-2014 13:00,504
16358,07-07-2014 14:00,542
16359,07-07-2014 15:00,544
16360,07-07-2014 16:00,498
16361,07-07-2014 17:00,454
16362,07-07-2014 18:00,524
16363,07-07-2014 19:00,484
16364,07-07-2014 20:00,506
16365,07-07-2014 21:00,412
16366,07-07-2014 22:00,392
16367,07-07-2014 23:00,414
16368,08-07-2014 00:00,402
16369,08-07-2014 01:00,290
16370,08-07-2014 02:00,264
16371,08-07-2014 03:00,194
16372,08-07-2014 04:00,162
16373,08-07-2014 05:00,124
16374,08-07-2014 06:00,186
16375,08-07-2014 07:00,182
16376,08-07-2014 08:00,250
16377,08-07-2014 09:00,294
16378,08-07-2014 10:00,348
16379,08-07-2014 11:00,464
16380,08-07-2014 12:00,456
16381,08-07-2014 13:00,400
16382,08-07-2014 14:00,428
16383,08-07-2014 15:00,428
16384,08-07-2014 16:00,416
16385,08-07-2014 17:00,410
16386,08-07-2014 18:00,470
16387,08-07-2014 19:00,466
16388,08-07-2014 20:00,420
16389,08-07-2014 21:00,414
16390,08-07-2014 22:00,378
16391,08-07-2014 23:00,368
16392,09-07-2014 00:00,346
16393,09-07-2014 01:00,314
16394,09-07-2014 02:00,264
16395,09-07-2014 03:00,202
16396,09-07-2014 04:00,154
16397,09-07-2014 05:00,166
16398,09-07-2014 06:00,142
16399,09-07-2014 07:00,172
16400,09-07-2014 08:00,234
16401,09-07-2014 09:00,280
16402,09-07-2014 10:00,488
16403,09-07-2014 11:00,618
16404,09-07-2014 12:00,596
16405,09-07-2014 13:00,492
16406,09-07-2014 14:00,492
16407,09-07-2014 15:00,562
16408,09-07-2014 16:00,580
16409,09-07-2014 17:00,570
16410,09-07-2014 18:00,598
16411,09-07-2014 19:00,594
16412,09-07-2014 20:00,498
16413,09-07-2014 21:00,468
16414,09-07-2014 22:00,454
16415,09-07-2014 23:00,448
16416,10-07-2014 00:00,406
16417,10-07-2014 01:00,308
16418,10-07-2014 02:00,282
16419,10-07-2014 03:00,252
16420,10-07-2014 04:00,222
16421,10-07-2014 05:00,198
16422,10-07-2014 06:00,182
16423,10-07-2014 07:00,232
16424,10-07-2014 08:00,252
16425,10-07-2014 09:00,302
16426,10-07-2014 10:00,430
16427,10-07-2014 11:00,448
16428,10-07-2014 12:00,544
16429,10-07-2014 13:00,448
16430,10-07-2014 14:00,446
16431,10-07-2014 15:00,482
16432,10-07-2014 16:00,494
16433,10-07-2014 17:00,588
16434,10-07-2014 18:00,578
16435,10-07-2014 19:00,624
16436,10-07-2014 20:00,598
16437,10-07-2014 21:00,554
16438,10-07-2014 22:00,502
16439,10-07-2014 23:00,550
16440,11-07-2014 00:00,460
16441,11-07-2014 01:00,372
16442,11-07-2014 02:00,352
16443,11-07-2014 03:00,284
16444,11-07-2014 04:00,252
16445,11-07-2014 05:00,218
16446,11-07-2014 06:00,284
16447,11-07-2014 07:00,300
16448,11-07-2014 08:00,340
16449,11-07-2014 09:00,316
16450,11-07-2014 10:00,440
16451,11-07-2014 11:00,526
16452,11-07-2014 12:00,564
16453,11-07-2014 13:00,398
16454,11-07-2014 14:00,410
16455,11-07-2014 15:00,468
16456,11-07-2014 16:00,436
16457,11-07-2014 17:00,392
16458,11-07-2014 18:00,424
16459,11-07-2014 19:00,420
16460,11-07-2014 20:00,386
16461,11-07-2014 21:00,348
16462,11-07-2014 22:00,378
16463,11-07-2014 23:00,380
16464,12-07-2014 00:00,334
16465,12-07-2014 01:00,256
16466,12-07-2014 02:00,252
16467,12-07-2014 03:00,182
16468,12-07-2014 04:00,122
16469,12-07-2014 05:00,120
16470,12-07-2014 06:00,136
16471,12-07-2014 07:00,154
16472,12-07-2014 08:00,186
16473,12-07-2014 09:00,226
16474,12-07-2014 10:00,250
16475,12-07-2014 11:00,286
16476,12-07-2014 12:00,322
16477,12-07-2014 13:00,236
16478,12-07-2014 14:00,222
16479,12-07-2014 15:00,258
16480,12-07-2014 16:00,222
16481,12-07-2014 17:00,240
16482,12-07-2014 18:00,300
16483,12-07-2014 19:00,292
16484,12-07-2014 20:00,342
16485,12-07-2014 21:00,280
16486,12-07-2014 22:00,348
16487,12-07-2014 23:00,292
16488,13-07-2014 00:00,270
16489,13-07-2014 01:00,258
16490,13-07-2014 02:00,176
16491,13-07-2014 03:00,116
16492,13-07-2014 04:00,92
16493,13-07-2014 05:00,108
16494,13-07-2014 06:00,88
16495,13-07-2014 07:00,160
16496,13-07-2014 08:00,152
16497,13-07-2014 09:00,192
16498,13-07-2014 10:00,208
16499,13-07-2014 11:00,234
16500,13-07-2014 12:00,206
16501,13-07-2014 13:00,238
16502,13-07-2014 14:00,192
16503,13-07-2014 15:00,196
16504,13-07-2014 16:00,220
16505,13-07-2014 17:00,216
16506,13-07-2014 18:00,248
16507,13-07-2014 19:00,276
16508,13-07-2014 20:00,280
16509,13-07-2014 21:00,276
16510,13-07-2014 22:00,296
16511,13-07-2014 23:00,224
16512,14-07-2014 00:00,238
16513,14-07-2014 01:00,222
16514,14-07-2014 02:00,170
16515,14-07-2014 03:00,148
16516,14-07-2014 04:00,98
16517,14-07-2014 05:00,112
16518,14-07-2014 06:00,150
16519,14-07-2014 07:00,158
16520,14-07-2014 08:00,228
16521,14-07-2014 09:00,298
16522,14-07-2014 10:00,514
16523,14-07-2014 11:00,574
16524,14-07-2014 12:00,564
16525,14-07-2014 13:00,426
16526,14-07-2014 14:00,506
16527,14-07-2014 15:00,528
16528,14-07-2014 16:00,478
16529,14-07-2014 17:00,496
16530,14-07-2014 18:00,492
16531,14-07-2014 19:00,512
16532,14-07-2014 20:00,484
16533,14-07-2014 21:00,442
16534,14-07-2014 22:00,346
16535,14-07-2014 23:00,346
16536,15-07-2014 00:00,376
16537,15-07-2014 01:00,274
16538,15-07-2014 02:00,228
16539,15-07-2014 03:00,204
16540,15-07-2014 04:00,158
16541,15-07-2014 05:00,138
16542,15-07-2014 06:00,212
16543,15-07-2014 07:00,196
16544,15-07-2014 08:00,242
16545,15-07-2014 09:00,336
16546,15-07-2014 10:00,468
16547,15-07-2014 11:00,492
16548,15-07-2014 12:00,444
16549,15-07-2014 13:00,370
16550,15-07-2014 14:00,454
16551,15-07-2014 15:00,492
16552,15-07-2014 16:00,402
16553,15-07-2014 17:00,460
16554,15-07-2014 18:00,400
16555,15-07-2014 19:00,466
16556,15-07-2014 20:00,422
16557,15-07-2014 21:00,386
16558,15-07-2014 22:00,380
16559,15-07-2014 23:00,302
16560,16-07-2014 00:00,320
16561,16-07-2014 01:00,238
16562,16-07-2014 02:00,236
16563,16-07-2014 03:00,178
16564,16-07-2014 04:00,176
16565,16-07-2014 05:00,126
16566,16-07-2014 06:00,140
16567,16-07-2014 07:00,206
16568,16-07-2014 08:00,242
16569,16-07-2014 09:00,288
16570,16-07-2014 10:00,408
16571,16-07-2014 11:00,472
16572,16-07-2014 12:00,498
16573,16-07-2014 13:00,412
16574,16-07-2014 14:00,396
16575,16-07-2014 15:00,370
16576,16-07-2014 16:00,402
16577,16-07-2014 17:00,464
16578,16-07-2014 18:00,438
16579,16-07-2014 19:00,482
16580,16-07-2014 20:00,396
16581,16-07-2014 21:00,356
16582,16-07-2014 22:00,334
16583,16-07-2014 23:00,378
16584,17-07-2014 00:00,352
16585,17-07-2014 01:00,216
16586,17-07-2014 02:00,198
16587,17-07-2014 03:00,154
16588,17-07-2014 04:00,146
16589,17-07-2014 05:00,154
16590,17-07-2014 06:00,160
16591,17-07-2014 07:00,222
16592,17-07-2014 08:00,226
16593,17-07-2014 09:00,274
16594,17-07-2014 10:00,348
16595,17-07-2014 11:00,362
16596,17-07-2014 12:00,356
16597,17-07-2014 13:00,336
16598,17-07-2014 14:00,410
16599,17-07-2014 15:00,484
16600,17-07-2014 16:00,436
16601,17-07-2014 17:00,440
16602,17-07-2014 18:00,414
16603,17-07-2014 19:00,506
16604,17-07-2014 20:00,476
16605,17-07-2014 21:00,436
16606,17-07-2014 22:00,278
16607,17-07-2014 23:00,350
16608,18-07-2014 00:00,344
16609,18-07-2014 01:00,272
16610,18-07-2014 02:00,234
16611,18-07-2014 03:00,222
16612,18-07-2014 04:00,176
16613,18-07-2014 05:00,140
16614,18-07-2014 06:00,172
16615,18-07-2014 07:00,152
16616,18-07-2014 08:00,220
16617,18-07-2014 09:00,344
16618,18-07-2014 10:00,502
16619,18-07-2014 11:00,518
16620,18-07-2014 12:00,506
16621,18-07-2014 13:00,424
16622,18-07-2014 14:00,432
16623,18-07-2014 15:00,468
16624,18-07-2014 16:00,464
16625,18-07-2014 17:00,440
16626,18-07-2014 18:00,426
16627,18-07-2014 19:00,422
16628,18-07-2014 20:00,414
16629,18-07-2014 21:00,384
16630,18-07-2014 22:00,400
16631,18-07-2014 23:00,390
16632,19-07-2014 00:00,370
16633,19-07-2014 01:00,282
16634,19-07-2014 02:00,240
16635,19-07-2014 03:00,168
16636,19-07-2014 04:00,142
16637,19-07-2014 05:00,134
16638,19-07-2014 06:00,112
16639,19-07-2014 07:00,132
16640,19-07-2014 08:00,176
16641,19-07-2014 09:00,272
16642,19-07-2014 10:00,574
16643,19-07-2014 11:00,490
16644,19-07-2014 12:00,398
16645,19-07-2014 13:00,350
16646,19-07-2014 14:00,370
16647,19-07-2014 15:00,386
16648,19-07-2014 16:00,458
16649,19-07-2014 17:00,402
16650,19-07-2014 18:00,388
16651,19-07-2014 19:00,444
16652,19-07-2014 20:00,452
16653,19-07-2014 21:00,402
16654,19-07-2014 22:00,414
16655,19-07-2014 23:00,378
16656,20-07-2014 00:00,344
16657,20-07-2014 01:00,318
16658,20-07-2014 02:00,268
16659,20-07-2014 03:00,240
16660,20-07-2014 04:00,206
16661,20-07-2014 05:00,172
16662,20-07-2014 06:00,186
16663,20-07-2014 07:00,218
16664,20-07-2014 08:00,258
16665,20-07-2014 09:00,264
16666,20-07-2014 10:00,472
16667,20-07-2014 11:00,480
16668,20-07-2014 12:00,466
16669,20-07-2014 13:00,386
16670,20-07-2014 14:00,326
16671,20-07-2014 15:00,320
16672,20-07-2014 16:00,312
16673,20-07-2014 17:00,352
16674,20-07-2014 18:00,430
16675,20-07-2014 19:00,478
16676,20-07-2014 20:00,472
16677,20-07-2014 21:00,416
16678,20-07-2014 22:00,340
16679,20-07-2014 23:00,460
16680,21-07-2014 00:00,438
16681,21-07-2014 01:00,332
16682,21-07-2014 02:00,292
16683,21-07-2014 03:00,208
16684,21-07-2014 04:00,188
16685,21-07-2014 05:00,194
16686,21-07-2014 06:00,250
16687,21-07-2014 07:00,342
16688,21-07-2014 08:00,334
16689,21-07-2014 09:00,544
16690,21-07-2014 10:00,720
16691,21-07-2014 11:00,612
16692,21-07-2014 12:00,586
16693,21-07-2014 13:00,552
16694,21-07-2014 14:00,558
16695,21-07-2014 15:00,634
16696,21-07-2014 16:00,632
16697,21-07-2014 17:00,616
16698,21-07-2014 18:00,610
16699,21-07-2014 19:00,664
16700,21-07-2014 20:00,780
16701,21-07-2014 21:00,618
16702,21-07-2014 22:00,594
16703,21-07-2014 23:00,648
16704,22-07-2014 00:00,620
16705,22-07-2014 01:00,454
16706,22-07-2014 02:00,334
16707,22-07-2014 03:00,272
16708,22-07-2014 04:00,218
16709,22-07-2014 05:00,266
16710,22-07-2014 06:00,284
16711,22-07-2014 07:00,288
16712,22-07-2014 08:00,264
16713,22-07-2014 09:00,316
16714,22-07-2014 10:00,502
16715,22-07-2014 11:00,546
16716,22-07-2014 12:00,694
16717,22-07-2014 13:00,532
16718,22-07-2014 14:00,540
16719,22-07-2014 15:00,554
16720,22-07-2014 16:00,546
16721,22-07-2014 17:00,516
16722,22-07-2014 18:00,676
16723,22-07-2014 19:00,554
16724,22-07-2014 20:00,524
16725,22-07-2014 21:00,588
16726,22-07-2014 22:00,456
16727,22-07-2014 23:00,468
16728,23-07-2014 00:00,476
16729,23-07-2014 01:00,328
16730,23-07-2014 02:00,320
16731,23-07-2014 03:00,230
16732,23-07-2014 04:00,192
16733,23-07-2014 05:00,162
16734,23-07-2014 06:00,194
16735,23-07-2014 07:00,270
16736,23-07-2014 08:00,268
16737,23-07-2014 09:00,306
16738,23-07-2014 10:00,592
16739,23-07-2014 11:00,578
16740,23-07-2014 12:00,604
16741,23-07-2014 13:00,502
16742,23-07-2014 14:00,566
16743,23-07-2014 15:00,528
16744,23-07-2014 16:00,550
16745,23-07-2014 17:00,540
16746,23-07-2014 18:00,670
16747,23-07-2014 19:00,524
16748,23-07-2014 20:00,496
16749,23-07-2014 21:00,402
16750,23-07-2014 22:00,378
16751,23-07-2014 23:00,454
16752,24-07-2014 00:00,378
16753,24-07-2014 01:00,320
16754,24-07-2014 02:00,292
16755,24-07-2014 03:00,236
16756,24-07-2014 04:00,188
16757,24-07-2014 05:00,188
16758,24-07-2014 06:00,218
16759,24-07-2014 07:00,234
16760,24-07-2014 08:00,242
16761,24-07-2014 09:00,326
16762,24-07-2014 10:00,340
16763,24-07-2014 11:00,460
16764,24-07-2014 12:00,396
16765,24-07-2014 13:00,408
16766,24-07-2014 14:00,446
16767,24-07-2014 15:00,432
16768,24-07-2014 16:00,392
16769,24-07-2014 17:00,376
16770,24-07-2014 18:00,434
16771,24-07-2014 19:00,482
16772,24-07-2014 20:00,374
16773,24-07-2014 21:00,354
16774,24-07-2014 22:00,312
16775,24-07-2014 23:00,328
16776,25-07-2014 00:00,310
16777,25-07-2014 01:00,282
16778,25-07-2014 02:00,216
16779,25-07-2014 03:00,188
16780,25-07-2014 04:00,206
16781,25-07-2014 05:00,126
16782,25-07-2014 06:00,118
16783,25-07-2014 07:00,148
16784,25-07-2014 08:00,186
16785,25-07-2014 09:00,240
16786,25-07-2014 10:00,454
16787,25-07-2014 11:00,378
16788,25-07-2014 12:00,382
16789,25-07-2014 13:00,330
16790,25-07-2014 14:00,316
16791,25-07-2014 15:00,344
16792,25-07-2014 16:00,346
16793,25-07-2014 17:00,322
16794,25-07-2014 18:00,332
16795,25-07-2014 19:00,412
16796,25-07-2014 20:00,360
16797,25-07-2014 21:00,372
16798,25-07-2014 22:00,408
16799,25-07-2014 23:00,416
16800,26-07-2014 00:00,346
16801,26-07-2014 01:00,286
16802,26-07-2014 02:00,222
16803,26-07-2014 03:00,176
16804,26-07-2014 04:00,146
16805,26-07-2014 05:00,102
16806,26-07-2014 06:00,120
16807,26-07-2014 07:00,188
16808,26-07-2014 08:00,170
16809,26-07-2014 09:00,206
16810,26-07-2014 10:00,378
16811,26-07-2014 11:00,354
16812,26-07-2014 12:00,324
16813,26-07-2014 13:00,336
16814,26-07-2014 14:00,282
16815,26-07-2014 15:00,254
16816,26-07-2014 16:00,280
16817,26-07-2014 17:00,270
16818,26-07-2014 18:00,338
16819,26-07-2014 19:00,400
16820,26-07-2014 20:00,344
16821,26-07-2014 21:00,380
16822,26-07-2014 22:00,324
16823,26-07-2014 23:00,336
16824,27-07-2014 00:00,288
16825,27-07-2014 01:00,278
16826,27-07-2014 02:00,200
16827,27-07-2014 03:00,160
16828,27-07-2014 04:00,166
16829,27-07-2014 05:00,102
16830,27-07-2014 06:00,124
16831,27-07-2014 07:00,126
16832,27-07-2014 08:00,196
16833,27-07-2014 09:00,208
16834,27-07-2014 10:00,360
16835,27-07-2014 11:00,316
16836,27-07-2014 12:00,284
16837,27-07-2014 13:00,242
16838,27-07-2014 14:00,272
16839,27-07-2014 15:00,264
16840,27-07-2014 16:00,244
16841,27-07-2014 17:00,248
16842,27-07-2014 18:00,316
16843,27-07-2014 19:00,346
16844,27-07-2014 20:00,390
16845,27-07-2014 21:00,300
16846,27-07-2014 22:00,322
16847,27-07-2014 23:00,342
16848,28-07-2014 00:00,342
16849,28-07-2014 01:00,210
16850,28-07-2014 02:00,202
16851,28-07-2014 03:00,174
16852,28-07-2014 04:00,154
16853,28-07-2014 05:00,142
16854,28-07-2014 06:00,120
16855,28-07-2014 07:00,220
16856,28-07-2014 08:00,282
16857,28-07-2014 09:00,306
16858,28-07-2014 10:00,452
16859,28-07-2014 11:00,460
16860,28-07-2014 12:00,550
16861,28-07-2014 13:00,430
16862,28-07-2014 14:00,464
16863,28-07-2014 15:00,486
16864,28-07-2014 16:00,404
16865,28-07-2014 17:00,492
16866,28-07-2014 18:00,420
16867,28-07-2014 19:00,526
16868,28-07-2014 20:00,430
16869,28-07-2014 21:00,468
16870,28-07-2014 22:00,400
16871,28-07-2014 23:00,412
16872,29-07-2014 00:00,356
16873,29-07-2014 01:00,314
16874,29-07-2014 02:00,248
16875,29-07-2014 03:00,154
16876,29-07-2014 04:00,120
16877,29-07-2014 05:00,156
16878,29-07-2014 06:00,170
16879,29-07-2014 07:00,172
16880,29-07-2014 08:00,218
16881,29-07-2014 09:00,284
16882,29-07-2014 10:00,386
16883,29-07-2014 11:00,450
16884,29-07-2014 12:00,464
16885,29-07-2014 13:00,446
16886,29-07-2014 14:00,436
16887,29-07-2014 15:00,428
16888,29-07-2014 16:00,364
16889,29-07-2014 17:00,458
16890,29-07-2014 18:00,504
16891,29-07-2014 19:00,528
16892,29-07-2014 20:00,422
16893,29-07-2014 21:00,416
16894,29-07-2014 22:00,372
16895,29-07-2014 23:00,352
16896,30-07-2014 00:00,336
16897,30-07-2014 01:00,224
16898,30-07-2014 02:00,222
16899,30-07-2014 03:00,238
16900,30-07-2014 04:00,202
16901,30-07-2014 05:00,168
16902,30-07-2014 06:00,254
16903,30-07-2014 07:00,210
16904,30-07-2014 08:00,294
16905,30-07-2014 09:00,288
16906,30-07-2014 10:00,492
16907,30-07-2014 11:00,548
16908,30-07-2014 12:00,514
16909,30-07-2014 13:00,406
16910,30-07-2014 14:00,398
16911,30-07-2014 15:00,488
16912,30-07-2014 16:00,450
16913,30-07-2014 17:00,442
16914,30-07-2014 18:00,414
16915,30-07-2014 19:00,464
16916,30-07-2014 20:00,422
16917,30-07-2014 21:00,318
16918,30-07-2014 22:00,340
16919,30-07-2014 23:00,366
16920,31-07-2014 00:00,348
16921,31-07-2014 01:00,248
16922,31-07-2014 02:00,222
16923,31-07-2014 03:00,186
16924,31-07-2014 04:00,144
16925,31-07-2014 05:00,128
16926,31-07-2014 06:00,186
16927,31-07-2014 07:00,228
16928,31-07-2014 08:00,270
16929,31-07-2014 09:00,330
16930,31-07-2014 10:00,514
16931,31-07-2014 11:00,562
16932,31-07-2014 12:00,468
16933,31-07-2014 13:00,430
16934,31-07-2014 14:00,416
16935,31-07-2014 15:00,466
16936,31-07-2014 16:00,470
16937,31-07-2014 17:00,450
16938,31-07-2014 18:00,478
16939,31-07-2014 19:00,462
16940,31-07-2014 20:00,464
16941,31-07-2014 21:00,408
16942,31-07-2014 22:00,378
16943,31-07-2014 23:00,484
16944,01-08-2014 00:00,382
16945,01-08-2014 01:00,278
16946,01-08-2014 02:00,236
16947,01-08-2014 03:00,216
16948,01-08-2014 04:00,176
16949,01-08-2014 05:00,172
16950,01-08-2014 06:00,160
16951,01-08-2014 07:00,236
16952,01-08-2014 08:00,236
16953,01-08-2014 09:00,366
16954,01-08-2014 10:00,562
16955,01-08-2014 11:00,630
16956,01-08-2014 12:00,558
16957,01-08-2014 13:00,478
16958,01-08-2014 14:00,574
16959,01-08-2014 15:00,478
16960,01-08-2014 16:00,446
16961,01-08-2014 17:00,534
16962,01-08-2014 18:00,564
16963,01-08-2014 19:00,438
16964,01-08-2014 20:00,376
16965,01-08-2014 21:00,356
16966,01-08-2014 22:00,384
16967,01-08-2014 23:00,350
16968,02-08-2014 00:00,330
16969,02-08-2014 01:00,236
16970,02-08-2014 02:00,194
16971,02-08-2014 03:00,206
16972,02-08-2014 04:00,132
16973,02-08-2014 05:00,98
16974,02-08-2014 06:00,126
16975,02-08-2014 07:00,132
16976,02-08-2014 08:00,182
16977,02-08-2014 09:00,312
16978,02-08-2014 10:00,388
16979,02-08-2014 11:00,348
16980,02-08-2014 12:00,296
16981,02-08-2014 13:00,292
16982,02-08-2014 14:00,280
16983,02-08-2014 15:00,272
16984,02-08-2014 16:00,278
16985,02-08-2014 17:00,334
16986,02-08-2014 18:00,282
16987,02-08-2014 19:00,338
16988,02-08-2014 20:00,302
16989,02-08-2014 21:00,276
16990,02-08-2014 22:00,292
16991,02-08-2014 23:00,352
16992,03-08-2014 00:00,278
16993,03-08-2014 01:00,228
16994,03-08-2014 02:00,138
16995,03-08-2014 03:00,124
16996,03-08-2014 04:00,124
16997,03-08-2014 05:00,108
16998,03-08-2014 06:00,126
16999,03-08-2014 07:00,136
17000,03-08-2014 08:00,128
17001,03-08-2014 09:00,208
17002,03-08-2014 10:00,266
17003,03-08-2014 11:00,278
17004,03-08-2014 12:00,312
17005,03-08-2014 13:00,268
17006,03-08-2014 14:00,204
17007,03-08-2014 15:00,230
17008,03-08-2014 16:00,254
17009,03-08-2014 17:00,230
17010,03-08-2014 18:00,276
17011,03-08-2014 19:00,282
17012,03-08-2014 20:00,290
17013,03-08-2014 21:00,266
17014,03-08-2014 22:00,320
17015,03-08-2014 23:00,266
17016,04-08-2014 00:00,254
17017,04-08-2014 01:00,198
17018,04-08-2014 02:00,168
17019,04-08-2014 03:00,180
17020,04-08-2014 04:00,150
17021,04-08-2014 05:00,106
17022,04-08-2014 06:00,158
17023,04-08-2014 07:00,172
17024,04-08-2014 08:00,214
17025,04-08-2014 09:00,310
17026,04-08-2014 10:00,514
17027,04-08-2014 11:00,558
17028,04-08-2014 12:00,556
17029,04-08-2014 13:00,484
17030,04-08-2014 14:00,530
17031,04-08-2014 15:00,524
17032,04-08-2014 16:00,514
17033,04-08-2014 17:00,510
17034,04-08-2014 18:00,482
17035,04-08-2014 19:00,520
17036,04-08-2014 20:00,526
17037,04-08-2014 21:00,444
17038,04-08-2014 22:00,420
17039,04-08-2014 23:00,380
17040,05-08-2014 00:00,354
17041,05-08-2014 01:00,306
17042,05-08-2014 02:00,222
17043,05-08-2014 03:00,182
17044,05-08-2014 04:00,150
17045,05-08-2014 05:00,106
17046,05-08-2014 06:00,130
17047,05-08-2014 07:00,146
17048,05-08-2014 08:00,226
17049,05-08-2014 09:00,300
17050,05-08-2014 10:00,382
17051,05-08-2014 11:00,454
17052,05-08-2014 12:00,448
17053,05-08-2014 13:00,392
17054,05-08-2014 14:00,362
17055,05-08-2014 15:00,402
17056,05-08-2014 16:00,388
17057,05-08-2014 17:00,398
17058,05-08-2014 18:00,444
17059,05-08-2014 19:00,456
17060,05-08-2014 20:00,362
17061,05-08-2014 21:00,348
17062,05-08-2014 22:00,382
17063,05-08-2014 23:00,384
17064,06-08-2014 00:00,416
17065,06-08-2014 01:00,286
17066,06-08-2014 02:00,232
17067,06-08-2014 03:00,164
17068,06-08-2014 04:00,182
17069,06-08-2014 05:00,172
17070,06-08-2014 06:00,158
17071,06-08-2014 07:00,216
17072,06-08-2014 08:00,230
17073,06-08-2014 09:00,288
17074,06-08-2014 10:00,530
17075,06-08-2014 11:00,554
17076,06-08-2014 12:00,584
17077,06-08-2014 13:00,494
17078,06-08-2014 14:00,500
17079,06-08-2014 15:00,488
17080,06-08-2014 16:00,518
17081,06-08-2014 17:00,456
17082,06-08-2014 18:00,512
17083,06-08-2014 19:00,510
17084,06-08-2014 20:00,482
17085,06-08-2014 21:00,420
17086,06-08-2014 22:00,398
17087,06-08-2014 23:00,380
17088,07-08-2014 00:00,342
17089,07-08-2014 01:00,306
17090,07-08-2014 02:00,256
17091,07-08-2014 03:00,164
17092,07-08-2014 04:00,146
17093,07-08-2014 05:00,158
17094,07-08-2014 06:00,184
17095,07-08-2014 07:00,188
17096,07-08-2014 08:00,190
17097,07-08-2014 09:00,274
17098,07-08-2014 10:00,444
17099,07-08-2014 11:00,556
17100,07-08-2014 12:00,436
17101,07-08-2014 13:00,370
17102,07-08-2014 14:00,446
17103,07-08-2014 15:00,420
17104,07-08-2014 16:00,450
17105,07-08-2014 17:00,456
17106,07-08-2014 18:00,498
17107,07-08-2014 19:00,394
17108,07-08-2014 20:00,362
17109,07-08-2014 21:00,338
17110,07-08-2014 22:00,318
17111,07-08-2014 23:00,340
17112,08-08-2014 00:00,394
17113,08-08-2014 01:00,288
17114,08-08-2014 02:00,220
17115,08-08-2014 03:00,158
17116,08-08-2014 04:00,124
17117,08-08-2014 05:00,136
17118,08-08-2014 06:00,146
17119,08-08-2014 07:00,190
17120,08-08-2014 08:00,214
17121,08-08-2014 09:00,284
17122,08-08-2014 10:00,454
17123,08-08-2014 11:00,564
17124,08-08-2014 12:00,602
17125,08-08-2014 13:00,404
17126,08-08-2014 14:00,464
17127,08-08-2014 15:00,446
17128,08-08-2014 16:00,486
17129,08-08-2014 17:00,454
17130,08-08-2014 18:00,400
17131,08-08-2014 19:00,492
17132,08-08-2014 20:00,442
17133,08-08-2014 21:00,372
17134,08-08-2014 22:00,318
17135,08-08-2014 23:00,354
17136,09-08-2014 00:00,326
17137,09-08-2014 01:00,214
17138,09-08-2014 02:00,160
17139,09-08-2014 03:00,120
17140,09-08-2014 04:00,102
17141,09-08-2014 05:00,118
17142,09-08-2014 06:00,128
17143,09-08-2014 07:00,164
17144,09-08-2014 08:00,158
17145,09-08-2014 09:00,202
17146,09-08-2014 10:00,276
17147,09-08-2014 11:00,340
17148,09-08-2014 12:00,262
17149,09-08-2014 13:00,242
17150,09-08-2014 14:00,264
17151,09-08-2014 15:00,234
17152,09-08-2014 16:00,230
17153,09-08-2014 17:00,240
17154,09-08-2014 18:00,288
17155,09-08-2014 19:00,314
17156,09-08-2014 20:00,296
17157,09-08-2014 21:00,226
17158,09-08-2014 22:00,290
17159,09-08-2014 23:00,268
17160,10-08-2014 00:00,258
17161,10-08-2014 01:00,208
17162,10-08-2014 02:00,176
17163,10-08-2014 03:00,120
17164,10-08-2014 04:00,98
17165,10-08-2014 05:00,86
17166,10-08-2014 06:00,86
17167,10-08-2014 07:00,90
17168,10-08-2014 08:00,164
17169,10-08-2014 09:00,234
17170,10-08-2014 10:00,278
17171,10-08-2014 11:00,314
17172,10-08-2014 12:00,252
17173,10-08-2014 13:00,244
17174,10-08-2014 14:00,262
17175,10-08-2014 15:00,250
17176,10-08-2014 16:00,254
17177,10-08-2014 17:00,204
17178,10-08-2014 18:00,276
17179,10-08-2014 19:00,334
17180,10-08-2014 20:00,442
17181,10-08-2014 21:00,382
17182,10-08-2014 22:00,410
17183,10-08-2014 23:00,400
17184,11-08-2014 00:00,396
17185,11-08-2014 01:00,304
17186,11-08-2014 02:00,216
17187,11-08-2014 03:00,204
17188,11-08-2014 04:00,174
17189,11-08-2014 05:00,170
17190,11-08-2014 06:00,158
17191,11-08-2014 07:00,258
17192,11-08-2014 08:00,342
17193,11-08-2014 09:00,448
17194,11-08-2014 10:00,738
17195,11-08-2014 11:00,934
17196,11-08-2014 12:00,886
17197,11-08-2014 13:00,780
17198,11-08-2014 14:00,876
17199,11-08-2014 15:00,746
17200,11-08-2014 16:00,640
17201,11-08-2014 17:00,664
17202,11-08-2014 18:00,726
17203,11-08-2014 19:00,726
17204,11-08-2014 20:00,638
17205,11-08-2014 21:00,624
17206,11-08-2014 22:00,620
17207,11-08-2014 23:00,660
17208,12-08-2014 00:00,570
17209,12-08-2014 01:00,408
17210,12-08-2014 02:00,360
17211,12-08-2014 03:00,248
17212,12-08-2014 04:00,208
17213,12-08-2014 05:00,178
17214,12-08-2014 06:00,200
17215,12-08-2014 07:00,248
17216,12-08-2014 08:00,238
17217,12-08-2014 09:00,494
17218,12-08-2014 10:00,894
17219,12-08-2014 11:00,1220
17220,12-08-2014 12:00,1160
17221,12-08-2014 13:00,912
17222,12-08-2014 14:00,804
17223,12-08-2014 15:00,930
17224,12-08-2014 16:00,798
17225,12-08-2014 17:00,764
17226,12-08-2014 18:00,848
17227,12-08-2014 19:00,742
17228,12-08-2014 20:00,686
17229,12-08-2014 21:00,614
17230,12-08-2014 22:00,640
17231,12-08-2014 23:00,598
17232,13-08-2014 00:00,618
17233,13-08-2014 01:00,444
17234,13-08-2014 02:00,452
17235,13-08-2014 03:00,312
17236,13-08-2014 04:00,248
17237,13-08-2014 05:00,326
17238,13-08-2014 06:00,646
17239,13-08-2014 07:00,486
17240,13-08-2014 08:00,558
17241,13-08-2014 09:00,552
17242,13-08-2014 10:00,938
17243,13-08-2014 11:00,914
17244,13-08-2014 12:00,886
17245,13-08-2014 13:00,752
17246,13-08-2014 14:00,784
17247,13-08-2014 15:00,736
17248,13-08-2014 16:00,676
17249,13-08-2014 17:00,730
17250,13-08-2014 18:00,730
17251,13-08-2014 19:00,704
17252,13-08-2014 20:00,616
17253,13-08-2014 21:00,670
17254,13-08-2014 22:00,552
17255,13-08-2014 23:00,548
17256,14-08-2014 00:00,532
17257,14-08-2014 01:00,350
17258,14-08-2014 02:00,422
17259,14-08-2014 03:00,280
17260,14-08-2014 04:00,208
17261,14-08-2014 05:00,222
17262,14-08-2014 06:00,230
17263,14-08-2014 07:00,274
17264,14-08-2014 08:00,354
17265,14-08-2014 09:00,338
17266,14-08-2014 10:00,380
17267,14-08-2014 11:00,458
17268,14-08-2014 12:00,518
17269,14-08-2014 13:00,426
17270,14-08-2014 14:00,490
17271,14-08-2014 15:00,490
17272,14-08-2014 16:00,492
17273,14-08-2014 17:00,436
17274,14-08-2014 18:00,516
17275,14-08-2014 19:00,492
17276,14-08-2014 20:00,488
17277,14-08-2014 21:00,456
17278,14-08-2014 22:00,412
17279,14-08-2014 23:00,408
17280,15-08-2014 00:00,320
17281,15-08-2014 01:00,262
17282,15-08-2014 02:00,262
17283,15-08-2014 03:00,184
17284,15-08-2014 04:00,184
17285,15-08-2014 05:00,172
17286,15-08-2014 06:00,172
17287,15-08-2014 07:00,226
17288,15-08-2014 08:00,222
17289,15-08-2014 09:00,340
17290,15-08-2014 10:00,554
17291,15-08-2014 11:00,564
17292,15-08-2014 12:00,464
17293,15-08-2014 13:00,432
17294,15-08-2014 14:00,410
17295,15-08-2014 15:00,528
17296,15-08-2014 16:00,468
17297,15-08-2014 17:00,400
17298,15-08-2014 18:00,442
17299,15-08-2014 19:00,422
17300,15-08-2014 20:00,356
17301,15-08-2014 21:00,352
17302,15-08-2014 22:00,358
17303,15-08-2014 23:00,338
17304,16-08-2014 00:00,314
17305,16-08-2014 01:00,262
17306,16-08-2014 02:00,202
17307,16-08-2014 03:00,150
17308,16-08-2014 04:00,162
17309,16-08-2014 05:00,138
17310,16-08-2014 06:00,116
17311,16-08-2014 07:00,148
17312,16-08-2014 08:00,166
17313,16-08-2014 09:00,232
17314,16-08-2014 10:00,686
17315,16-08-2014 11:00,620
17316,16-08-2014 12:00,538
17317,16-08-2014 13:00,406
17318,16-08-2014 14:00,436
17319,16-08-2014 15:00,394
17320,16-08-2014 16:00,336
17321,16-08-2014 17:00,320
17322,16-08-2014 18:00,340
17323,16-08-2014 19:00,412
17324,16-08-2014 20:00,348
17325,16-08-2014 21:00,298
17326,16-08-2014 22:00,310
17327,16-08-2014 23:00,290
17328,17-08-2014 00:00,258
17329,17-08-2014 01:00,200
17330,17-08-2014 02:00,164
17331,17-08-2014 03:00,174
17332,17-08-2014 04:00,102
17333,17-08-2014 05:00,110
17334,17-08-2014 06:00,98
17335,17-08-2014 07:00,138
17336,17-08-2014 08:00,158
17337,17-08-2014 09:00,224
17338,17-08-2014 10:00,268
17339,17-08-2014 11:00,472
17340,17-08-2014 12:00,476
17341,17-08-2014 13:00,426
17342,17-08-2014 14:00,358
17343,17-08-2014 15:00,280
17344,17-08-2014 16:00,322
17345,17-08-2014 17:00,356
17346,17-08-2014 18:00,364
17347,17-08-2014 19:00,404
17348,17-08-2014 20:00,378
17349,17-08-2014 21:00,374
17350,17-08-2014 22:00,342
17351,17-08-2014 23:00,304
17352,18-08-2014 00:00,314
17353,18-08-2014 01:00,230
17354,18-08-2014 02:00,200
17355,18-08-2014 03:00,134
17356,18-08-2014 04:00,102
17357,18-08-2014 05:00,128
17358,18-08-2014 06:00,168
17359,18-08-2014 07:00,226
17360,18-08-2014 08:00,244
17361,18-08-2014 09:00,432
17362,18-08-2014 10:00,572
17363,18-08-2014 11:00,712
17364,18-08-2014 12:00,654
17365,18-08-2014 13:00,488
17366,18-08-2014 14:00,586
17367,18-08-2014 15:00,674
17368,18-08-2014 16:00,586
17369,18-08-2014 17:00,564
17370,18-08-2014 18:00,534
17371,18-08-2014 19:00,574
17372,18-08-2014 20:00,484
17373,18-08-2014 21:00,450
17374,18-08-2014 22:00,422
17375,18-08-2014 23:00,434
17376,19-08-2014 00:00,352
17377,19-08-2014 01:00,248
17378,19-08-2014 02:00,196
17379,19-08-2014 03:00,154
17380,19-08-2014 04:00,154
17381,19-08-2014 05:00,164
17382,19-08-2014 06:00,190
17383,19-08-2014 07:00,252
17384,19-08-2014 08:00,278
17385,19-08-2014 09:00,310
17386,19-08-2014 10:00,746
17387,19-08-2014 11:00,1104
17388,19-08-2014 12:00,1040
17389,19-08-2014 13:00,790
17390,19-08-2014 14:00,902
17391,19-08-2014 15:00,740
17392,19-08-2014 16:00,734
17393,19-08-2014 17:00,776
17394,19-08-2014 18:00,704
17395,19-08-2014 19:00,752
17396,19-08-2014 20:00,652
17397,19-08-2014 21:00,638
17398,19-08-2014 22:00,544
17399,19-08-2014 23:00,684
17400,20-08-2014 00:00,616
17401,20-08-2014 01:00,514
17402,20-08-2014 02:00,384
17403,20-08-2014 03:00,244
17404,20-08-2014 04:00,232
17405,20-08-2014 05:00,230
17406,20-08-2014 06:00,248
17407,20-08-2014 07:00,304
17408,20-08-2014 08:00,326
17409,20-08-2014 09:00,394
17410,20-08-2014 10:00,842
17411,20-08-2014 11:00,808
17412,20-08-2014 12:00,738
17413,20-08-2014 13:00,566
17414,20-08-2014 14:00,586
17415,20-08-2014 15:00,558
17416,20-08-2014 16:00,534
17417,20-08-2014 17:00,524
17418,20-08-2014 18:00,586
17419,20-08-2014 19:00,658
17420,20-08-2014 20:00,562
17421,20-08-2014 21:00,488
17422,20-08-2014 22:00,494
17423,20-08-2014 23:00,586
17424,21-08-2014 00:00,472
17425,21-08-2014 01:00,362
17426,21-08-2014 02:00,260
17427,21-08-2014 03:00,220
17428,21-08-2014 04:00,220
17429,21-08-2014 05:00,160
17430,21-08-2014 06:00,172
17431,21-08-2014 07:00,240
17432,21-08-2014 08:00,284
17433,21-08-2014 09:00,308
17434,21-08-2014 10:00,570
17435,21-08-2014 11:00,798
17436,21-08-2014 12:00,716
17437,21-08-2014 13:00,640
17438,21-08-2014 14:00,610
17439,21-08-2014 15:00,590
17440,21-08-2014 16:00,632
17441,21-08-2014 17:00,544
17442,21-08-2014 18:00,588
17443,21-08-2014 19:00,580
17444,21-08-2014 20:00,498
17445,21-08-2014 21:00,548
17446,21-08-2014 22:00,496
17447,21-08-2014 23:00,444
17448,22-08-2014 00:00,472
17449,22-08-2014 01:00,328
17450,22-08-2014 02:00,282
17451,22-08-2014 03:00,184
17452,22-08-2014 04:00,172
17453,22-08-2014 05:00,160
17454,22-08-2014 06:00,184
17455,22-08-2014 07:00,226
17456,22-08-2014 08:00,254
17457,22-08-2014 09:00,344
17458,22-08-2014 10:00,582
17459,22-08-2014 11:00,636
17460,22-08-2014 12:00,492
17461,22-08-2014 13:00,442
17462,22-08-2014 14:00,436
17463,22-08-2014 15:00,462
17464,22-08-2014 16:00,432
17465,22-08-2014 17:00,388
17466,22-08-2014 18:00,512
17467,22-08-2014 19:00,568
17468,22-08-2014 20:00,516
17469,22-08-2014 21:00,616
17470,22-08-2014 22:00,636
17471,22-08-2014 23:00,620
17472,23-08-2014 00:00,540
17473,23-08-2014 01:00,386
17474,23-08-2014 02:00,378
17475,23-08-2014 03:00,250
17476,23-08-2014 04:00,224
17477,23-08-2014 05:00,220
17478,23-08-2014 06:00,180
17479,23-08-2014 07:00,212
17480,23-08-2014 08:00,230
17481,23-08-2014 09:00,256
17482,23-08-2014 10:00,300
17483,23-08-2014 11:00,342
17484,23-08-2014 12:00,396
17485,23-08-2014 13:00,336
17486,23-08-2014 14:00,286
17487,23-08-2014 15:00,278
17488,23-08-2014 16:00,292
17489,23-08-2014 17:00,308
17490,23-08-2014 18:00,302
17491,23-08-2014 19:00,346
17492,23-08-2014 20:00,302
17493,23-08-2014 21:00,302
17494,23-08-2014 22:00,328
17495,23-08-2014 23:00,288
17496,24-08-2014 00:00,276
17497,24-08-2014 01:00,216
17498,24-08-2014 02:00,168
17499,24-08-2014 03:00,132
17500,24-08-2014 04:00,118
17501,24-08-2014 05:00,126
17502,24-08-2014 06:00,118
17503,24-08-2014 07:00,194
17504,24-08-2014 08:00,176
17505,24-08-2014 09:00,230
17506,24-08-2014 10:00,406
17507,24-08-2014 11:00,416
17508,24-08-2014 12:00,354
17509,24-08-2014 13:00,362
17510,24-08-2014 14:00,328
17511,24-08-2014 15:00,312
17512,24-08-2014 16:00,274
17513,24-08-2014 17:00,298
17514,24-08-2014 18:00,354
17515,24-08-2014 19:00,498
17516,24-08-2014 20:00,580
17517,24-08-2014 21:00,428
17518,24-08-2014 22:00,476
17519,24-08-2014 23:00,520
17520,25-08-2014 00:00,430
17521,25-08-2014 01:00,366
17522,25-08-2014 02:00,256
17523,25-08-2014 03:00,208
17524,25-08-2014 04:00,198
17525,25-08-2014 05:00,192
17526,25-08-2014 06:00,212
17527,25-08-2014 07:00,268
17528,25-08-2014 08:00,320
17529,25-08-2014 09:00,354
17530,25-08-2014 10:00,610
17531,25-08-2014 11:00,704
17532,25-08-2014 12:00,708
17533,25-08-2014 13:00,572
17534,25-08-2014 14:00,612
17535,25-08-2014 15:00,604
17536,25-08-2014 16:00,536
17537,25-08-2014 17:00,590
17538,25-08-2014 18:00,626
17539,25-08-2014 19:00,642
17540,25-08-2014 20:00,420
17541,25-08-2014 21:00,436
17542,25-08-2014 22:00,432
17543,25-08-2014 23:00,468
17544,26-08-2014 00:00,378
17545,26-08-2014 01:00,314
17546,26-08-2014 02:00,278
17547,26-08-2014 03:00,222
17548,26-08-2014 04:00,130
17549,26-08-2014 05:00,142
17550,26-08-2014 06:00,166
17551,26-08-2014 07:00,216
17552,26-08-2014 08:00,230
17553,26-08-2014 09:00,332
17554,26-08-2014 10:00,680
17555,26-08-2014 11:00,662
17556,26-08-2014 12:00,742
17557,26-08-2014 13:00,722
17558,26-08-2014 14:00,658
17559,26-08-2014 15:00,620
17560,26-08-2014 16:00,674
17561,26-08-2014 17:00,850
17562,26-08-2014 18:00,822
17563,26-08-2014 19:00,854
17564,26-08-2014 20:00,816
17565,26-08-2014 21:00,702
17566,26-08-2014 22:00,676
17567,26-08-2014 23:00,624
17568,27-08-2014 00:00,552
17569,27-08-2014 01:00,506
17570,27-08-2014 02:00,386
17571,27-08-2014 03:00,358
17572,27-08-2014 04:00,304
17573,27-08-2014 05:00,344
17574,27-08-2014 06:00,446
17575,27-08-2014 07:00,486
17576,27-08-2014 08:00,462
17577,27-08-2014 09:00,442
17578,27-08-2014 10:00,672
17579,27-08-2014 11:00,666
17580,27-08-2014 12:00,694
17581,27-08-2014 13:00,570
17582,27-08-2014 14:00,666
17583,27-08-2014 15:00,546
17584,27-08-2014 16:00,602
17585,27-08-2014 17:00,612
17586,27-08-2014 18:00,622
17587,27-08-2014 19:00,498
17588,27-08-2014 20:00,598
17589,27-08-2014 21:00,518
17590,27-08-2014 22:00,468
17591,27-08-2014 23:00,478
17592,28-08-2014 00:00,506
17593,28-08-2014 01:00,356
17594,28-08-2014 02:00,380
17595,28-08-2014 03:00,220
17596,28-08-2014 04:00,206
17597,28-08-2014 05:00,194
17598,28-08-2014 06:00,218
17599,28-08-2014 07:00,274
17600,28-08-2014 08:00,270
17601,28-08-2014 09:00,308
17602,28-08-2014 10:00,474
17603,28-08-2014 11:00,494
17604,28-08-2014 12:00,522
17605,28-08-2014 13:00,398
17606,28-08-2014 14:00,410
17607,28-08-2014 15:00,378
17608,28-08-2014 16:00,384
17609,28-08-2014 17:00,498
17610,28-08-2014 18:00,442
17611,28-08-2014 19:00,470
17612,28-08-2014 20:00,426
17613,28-08-2014 21:00,452
17614,28-08-2014 22:00,416
17615,28-08-2014 23:00,406
17616,29-08-2014 00:00,420
17617,29-08-2014 01:00,302
17618,29-08-2014 02:00,278
17619,29-08-2014 03:00,200
17620,29-08-2014 04:00,174
17621,29-08-2014 05:00,216
17622,29-08-2014 06:00,178
17623,29-08-2014 07:00,204
17624,29-08-2014 08:00,252
17625,29-08-2014 09:00,294
17626,29-08-2014 10:00,584
17627,29-08-2014 11:00,700
17628,29-08-2014 12:00,576
17629,29-08-2014 13:00,458
17630,29-08-2014 14:00,532
17631,29-08-2014 15:00,478
17632,29-08-2014 16:00,508
17633,29-08-2014 17:00,504
17634,29-08-2014 18:00,496
17635,29-08-2014 19:00,468
17636,29-08-2014 20:00,436
17637,29-08-2014 21:00,400
17638,29-08-2014 22:00,550
17639,29-08-2014 23:00,722
17640,30-08-2014 00:00,558
17641,30-08-2014 01:00,378
17642,30-08-2014 02:00,316
17643,30-08-2014 03:00,244
17644,30-08-2014 04:00,210
17645,30-08-2014 05:00,252
17646,30-08-2014 06:00,180
17647,30-08-2014 07:00,288
17648,30-08-2014 08:00,288
17649,30-08-2014 09:00,378
17650,30-08-2014 10:00,444
17651,30-08-2014 11:00,428
17652,30-08-2014 12:00,432
17653,30-08-2014 13:00,394
17654,30-08-2014 14:00,326
17655,30-08-2014 15:00,406
17656,30-08-2014 16:00,290
17657,30-08-2014 17:00,372
17658,30-08-2014 18:00,332
17659,30-08-2014 19:00,360
17660,30-08-2014 20:00,390
17661,30-08-2014 21:00,368
17662,30-08-2014 22:00,374
17663,30-08-2014 23:00,454
17664,31-08-2014 00:00,340
17665,31-08-2014 01:00,234
17666,31-08-2014 02:00,258
17667,31-08-2014 03:00,200
17668,31-08-2014 04:00,160
17669,31-08-2014 05:00,130
17670,31-08-2014 06:00,166
17671,31-08-2014 07:00,194
17672,31-08-2014 08:00,236
17673,31-08-2014 09:00,346
17674,31-08-2014 10:00,310
17675,31-08-2014 11:00,328
17676,31-08-2014 12:00,310
17677,31-08-2014 13:00,280
17678,31-08-2014 14:00,342
17679,31-08-2014 15:00,328
17680,31-08-2014 16:00,250
17681,31-08-2014 17:00,316
17682,31-08-2014 18:00,320
17683,31-08-2014 19:00,482
17684,31-08-2014 20:00,368
17685,31-08-2014 21:00,398
17686,31-08-2014 22:00,326
17687,31-08-2014 23:00,342
17688,01-09-2014 00:00,334
17689,01-09-2014 01:00,246
17690,01-09-2014 02:00,208
17691,01-09-2014 03:00,168
17692,01-09-2014 04:00,168
17693,01-09-2014 05:00,174
17694,01-09-2014 06:00,268
17695,01-09-2014 07:00,346
17696,01-09-2014 08:00,318
17697,01-09-2014 09:00,226
17698,01-09-2014 10:00,150
17699,01-09-2014 11:00,666
17700,01-09-2014 12:00,756
17701,01-09-2014 13:00,630
17702,01-09-2014 14:00,570
17703,01-09-2014 15:00,622
17704,01-09-2014 16:00,634
17705,01-09-2014 17:00,572
17706,01-09-2014 18:00,574
17707,01-09-2014 19:00,640
17708,01-09-2014 20:00,616
17709,01-09-2014 21:00,526
17710,01-09-2014 22:00,520
17711,01-09-2014 23:00,532
17712,02-09-2014 00:00,448
17713,02-09-2014 01:00,310
17714,02-09-2014 02:00,562
17715,02-09-2014 03:00,304
17716,02-09-2014 04:00,212
17717,02-09-2014 05:00,212
17718,02-09-2014 06:00,212
17719,02-09-2014 07:00,330
17720,02-09-2014 08:00,304
17721,02-09-2014 09:00,332
17722,02-09-2014 10:00,578
17723,02-09-2014 11:00,804
17724,02-09-2014 12:00,970
17725,02-09-2014 13:00,692
17726,02-09-2014 14:00,700
17727,02-09-2014 15:00,778
17728,02-09-2014 16:00,894
17729,02-09-2014 17:00,772
17730,02-09-2014 18:00,772
17731,02-09-2014 19:00,786
17732,02-09-2014 20:00,700
17733,02-09-2014 21:00,724
17734,02-09-2014 22:00,722
17735,02-09-2014 23:00,646
17736,03-09-2014 00:00,604
17737,03-09-2014 01:00,470
17738,03-09-2014 02:00,454
17739,03-09-2014 03:00,310
17740,03-09-2014 04:00,242
17741,03-09-2014 05:00,272
17742,03-09-2014 06:00,288
17743,03-09-2014 07:00,310
17744,03-09-2014 08:00,370
17745,03-09-2014 09:00,494
17746,03-09-2014 10:00,618
17747,03-09-2014 11:00,652
17748,03-09-2014 12:00,660
17749,03-09-2014 13:00,510
17750,03-09-2014 14:00,592
17751,03-09-2014 15:00,648
17752,03-09-2014 16:00,620
17753,03-09-2014 17:00,626
17754,03-09-2014 18:00,582
17755,03-09-2014 19:00,664
17756,03-09-2014 20:00,702
17757,03-09-2014 21:00,524
17758,03-09-2014 22:00,472
17759,03-09-2014 23:00,532
17760,04-09-2014 00:00,508
17761,04-09-2014 01:00,406
17762,04-09-2014 02:00,356
17763,04-09-2014 03:00,296
17764,04-09-2014 04:00,294
17765,04-09-2014 05:00,256
17766,04-09-2014 06:00,250
17767,04-09-2014 07:00,308
17768,04-09-2014 08:00,376
17769,04-09-2014 09:00,322
17770,04-09-2014 10:00,624
17771,04-09-2014 11:00,560
17772,04-09-2014 12:00,630
17773,04-09-2014 13:00,472
17774,04-09-2014 14:00,530
17775,04-09-2014 15:00,532
17776,04-09-2014 16:00,488
17777,04-09-2014 17:00,550
17778,04-09-2014 18:00,508
17779,04-09-2014 19:00,490
17780,04-09-2014 20:00,468
17781,04-09-2014 21:00,504
17782,04-09-2014 22:00,464
17783,04-09-2014 23:00,512
17784,05-09-2014 00:00,452
17785,05-09-2014 01:00,334
17786,05-09-2014 02:00,302
17787,05-09-2014 03:00,244
17788,05-09-2014 04:00,176
17789,05-09-2014 05:00,226
17790,05-09-2014 06:00,226
17791,05-09-2014 07:00,432
17792,05-09-2014 08:00,270
17793,05-09-2014 09:00,478
17794,05-09-2014 10:00,968
17795,05-09-2014 11:00,854
17796,05-09-2014 12:00,904
17797,05-09-2014 13:00,728
17798,05-09-2014 14:00,706
17799,05-09-2014 15:00,552
17800,05-09-2014 16:00,658
17801,05-09-2014 17:00,634
17802,05-09-2014 18:00,624
17803,05-09-2014 19:00,666
17804,05-09-2014 20:00,672
17805,05-09-2014 21:00,560
17806,05-09-2014 22:00,530
17807,05-09-2014 23:00,584
17808,06-09-2014 00:00,544
17809,06-09-2014 01:00,324
17810,06-09-2014 02:00,294
17811,06-09-2014 03:00,226
17812,06-09-2014 04:00,250
17813,06-09-2014 05:00,220
17814,06-09-2014 06:00,186
17815,06-09-2014 07:00,204
17816,06-09-2014 08:00,238
17817,06-09-2014 09:00,280
17818,06-09-2014 10:00,362
17819,06-09-2014 11:00,392
17820,06-09-2014 12:00,380
17821,06-09-2014 13:00,320
17822,06-09-2014 14:00,370
17823,06-09-2014 15:00,316
17824,06-09-2014 16:00,346
17825,06-09-2014 17:00,358
17826,06-09-2014 18:00,364
17827,06-09-2014 19:00,520
17828,06-09-2014 20:00,444
17829,06-09-2014 21:00,342
17830,06-09-2014 22:00,472
17831,06-09-2014 23:00,404
17832,07-09-2014 00:00,350
17833,07-09-2014 01:00,228
17834,07-09-2014 02:00,252
17835,07-09-2014 03:00,190
17836,07-09-2014 04:00,154
17837,07-09-2014 05:00,124
17838,07-09-2014 06:00,126
17839,07-09-2014 07:00,216
17840,07-09-2014 08:00,204
17841,07-09-2014 09:00,246
17842,07-09-2014 10:00,322
17843,07-09-2014 11:00,330
17844,07-09-2014 12:00,362
17845,07-09-2014 13:00,314
17846,07-09-2014 14:00,332
17847,07-09-2014 15:00,312
17848,07-09-2014 16:00,236
17849,07-09-2014 17:00,284
17850,07-09-2014 18:00,288
17851,07-09-2014 19:00,458
17852,07-09-2014 20:00,506
17853,07-09-2014 21:00,404
17854,07-09-2014 22:00,286
17855,07-09-2014 23:00,352
17856,08-09-2014 00:00,344
17857,08-09-2014 01:00,294
17858,08-09-2014 02:00,208
17859,08-09-2014 03:00,194
17860,08-09-2014 04:00,134
17861,08-09-2014 05:00,150
17862,08-09-2014 06:00,218
17863,08-09-2014 07:00,208
17864,08-09-2014 08:00,264
17865,08-09-2014 09:00,450
17866,08-09-2014 10:00,568
17867,08-09-2014 11:00,562
17868,08-09-2014 12:00,596
17869,08-09-2014 13:00,562
17870,08-09-2014 14:00,562
17871,08-09-2014 15:00,544
17872,08-09-2014 16:00,506
17873,08-09-2014 17:00,550
17874,08-09-2014 18:00,560
17875,08-09-2014 19:00,636
17876,08-09-2014 20:00,608
17877,08-09-2014 21:00,560
17878,08-09-2014 22:00,508
17879,08-09-2014 23:00,438
17880,09-09-2014 00:00,478
17881,09-09-2014 01:00,308
17882,09-09-2014 02:00,304
17883,09-09-2014 03:00,272
17884,09-09-2014 04:00,192
17885,09-09-2014 05:00,186
17886,09-09-2014 06:00,220
17887,09-09-2014 07:00,276
17888,09-09-2014 08:00,298
17889,09-09-2014 09:00,696
17890,09-09-2014 10:00,686
17891,09-09-2014 11:00,792
17892,09-09-2014 12:00,734
17893,09-09-2014 13:00,686
17894,09-09-2014 14:00,852
17895,09-09-2014 15:00,808
17896,09-09-2014 16:00,692
17897,09-09-2014 17:00,722
17898,09-09-2014 18:00,670
17899,09-09-2014 19:00,734
17900,09-09-2014 20:00,664
17901,09-09-2014 21:00,630
17902,09-09-2014 22:00,602
17903,09-09-2014 23:00,602
17904,10-09-2014 00:00,456
17905,10-09-2014 01:00,374
17906,10-09-2014 02:00,308
17907,10-09-2014 03:00,198
17908,10-09-2014 04:00,194
17909,10-09-2014 05:00,198
17910,10-09-2014 06:00,184
17911,10-09-2014 07:00,256
17912,10-09-2014 08:00,314
17913,10-09-2014 09:00,364
17914,10-09-2014 10:00,736
17915,10-09-2014 11:00,652
17916,10-09-2014 12:00,680
17917,10-09-2014 13:00,580
17918,10-09-2014 14:00,606
17919,10-09-2014 15:00,562
17920,10-09-2014 16:00,616
17921,10-09-2014 17:00,598
17922,10-09-2014 18:00,676
17923,10-09-2014 19:00,690
17924,10-09-2014 20:00,648
17925,10-09-2014 21:00,612
17926,10-09-2014 22:00,538
17927,10-09-2014 23:00,552
17928,11-09-2014 00:00,480
17929,11-09-2014 01:00,368
17930,11-09-2014 02:00,310
17931,11-09-2014 03:00,298
17932,11-09-2014 04:00,204
17933,11-09-2014 05:00,176
17934,11-09-2014 06:00,212
17935,11-09-2014 07:00,274
17936,11-09-2014 08:00,326
17937,11-09-2014 09:00,402
17938,11-09-2014 10:00,540
17939,11-09-2014 11:00,594
17940,11-09-2014 12:00,558
17941,11-09-2014 13:00,542
17942,11-09-2014 14:00,512
17943,11-09-2014 15:00,610
17944,11-09-2014 16:00,528
17945,11-09-2014 17:00,522
17946,11-09-2014 18:00,502
17947,11-09-2014 19:00,506
17948,11-09-2014 20:00,432
17949,11-09-2014 21:00,442
17950,11-09-2014 22:00,398
17951,11-09-2014 23:00,444
17952,12-09-2014 00:00,396
17953,12-09-2014 01:00,304
17954,12-09-2014 02:00,236
17955,12-09-2014 03:00,196
17956,12-09-2014 04:00,138
17957,12-09-2014 05:00,158
17958,12-09-2014 06:00,180
17959,12-09-2014 07:00,224
17960,12-09-2014 08:00,232
17961,12-09-2014 09:00,302
17962,12-09-2014 10:00,508
17963,12-09-2014 11:00,552
17964,12-09-2014 12:00,544
17965,12-09-2014 13:00,434
17966,12-09-2014 14:00,476
17967,12-09-2014 15:00,502
17968,12-09-2014 16:00,522
17969,12-09-2014 17:00,464
17970,12-09-2014 18:00,476
17971,12-09-2014 19:00,536
17972,12-09-2014 20:00,484
17973,12-09-2014 21:00,368
17974,12-09-2014 22:00,410
17975,12-09-2014 23:00,368
17976,13-09-2014 00:00,298
17977,13-09-2014 01:00,262
17978,13-09-2014 02:00,188
17979,13-09-2014 03:00,168
17980,13-09-2014 04:00,174
17981,13-09-2014 05:00,106
17982,13-09-2014 06:00,106
17983,13-09-2014 07:00,162
17984,13-09-2014 08:00,210
17985,13-09-2014 09:00,222
17986,13-09-2014 10:00,260
17987,13-09-2014 11:00,358
17988,13-09-2014 12:00,318
17989,13-09-2014 13:00,324
17990,13-09-2014 14:00,264
17991,13-09-2014 15:00,238
17992,13-09-2014 16:00,316
17993,13-09-2014 17:00,302
17994,13-09-2014 18:00,282
17995,13-09-2014 19:00,322
17996,13-09-2014 20:00,308
17997,13-09-2014 21:00,268
17998,13-09-2014 22:00,306
17999,13-09-2014 23:00,318
18000,14-09-2014 00:00,242
18001,14-09-2014 01:00,202
18002,14-09-2014 02:00,126
18003,14-09-2014 03:00,116
18004,14-09-2014 04:00,116
18005,14-09-2014 05:00,86
18006,14-09-2014 06:00,94
18007,14-09-2014 07:00,122
18008,14-09-2014 08:00,136
18009,14-09-2014 09:00,186
18010,14-09-2014 10:00,198
18011,14-09-2014 11:00,256
18012,14-09-2014 12:00,296
18013,14-09-2014 13:00,232
18014,14-09-2014 14:00,214
18015,14-09-2014 15:00,226
18016,14-09-2014 16:00,328
18017,14-09-2014 17:00,258
18018,14-09-2014 18:00,354
18019,14-09-2014 19:00,430
18020,14-09-2014 20:00,356
18021,14-09-2014 21:00,390
18022,14-09-2014 22:00,372
18023,14-09-2014 23:00,380
18024,15-09-2014 00:00,292
18025,15-09-2014 01:00,232
18026,15-09-2014 02:00,168
18027,15-09-2014 03:00,122
18028,15-09-2014 04:00,194
18029,15-09-2014 05:00,146
18030,15-09-2014 06:00,148
18031,15-09-2014 07:00,194
18032,15-09-2014 08:00,212
18033,15-09-2014 09:00,388
18034,15-09-2014 10:00,706
18035,15-09-2014 11:00,728
18036,15-09-2014 12:00,672
18037,15-09-2014 13:00,612
18038,15-09-2014 14:00,674
18039,15-09-2014 15:00,586
18040,15-09-2014 16:00,606
18041,15-09-2014 17:00,522
18042,15-09-2014 18:00,618
18043,15-09-2014 19:00,634
18044,15-09-2014 20:00,570
18045,15-09-2014 21:00,536
18046,15-09-2014 22:00,566
18047,15-09-2014 23:00,562
18048,16-09-2014 00:00,520
18049,16-09-2014 01:00,364
18050,16-09-2014 02:00,342
18051,16-09-2014 03:00,238
18052,16-09-2014 04:00,246
18053,16-09-2014 05:00,214
18054,16-09-2014 06:00,178
18055,16-09-2014 07:00,282
18056,16-09-2014 08:00,300
18057,16-09-2014 09:00,678
18058,16-09-2014 10:00,1166
18059,16-09-2014 11:00,1068
18060,16-09-2014 12:00,1038
18061,16-09-2014 13:00,898
18062,16-09-2014 14:00,906
18063,16-09-2014 15:00,962
18064,16-09-2014 16:00,900
18065,16-09-2014 17:00,956
18066,16-09-2014 18:00,974
18067,16-09-2014 19:00,946
18068,16-09-2014 20:00,770
18069,16-09-2014 21:00,748
18070,16-09-2014 22:00,694
18071,16-09-2014 23:00,692
18072,17-09-2014 00:00,584
18073,17-09-2014 01:00,430
18074,17-09-2014 02:00,416
18075,17-09-2014 03:00,350
18076,17-09-2014 04:00,226
18077,17-09-2014 05:00,186
18078,17-09-2014 06:00,262
18079,17-09-2014 07:00,316
18080,17-09-2014 08:00,322
18081,17-09-2014 09:00,508
18082,17-09-2014 10:00,828
18083,17-09-2014 11:00,942
18084,17-09-2014 12:00,822
18085,17-09-2014 13:00,720
18086,17-09-2014 14:00,726
18087,17-09-2014 15:00,714
18088,17-09-2014 16:00,670
18089,17-09-2014 17:00,642
18090,17-09-2014 18:00,726
18091,17-09-2014 19:00,718
18092,17-09-2014 20:00,664
18093,17-09-2014 21:00,654
18094,17-09-2014 22:00,574
18095,17-09-2014 23:00,676
18096,18-09-2014 00:00,554
18097,18-09-2014 01:00,430
18098,18-09-2014 02:00,344
18099,18-09-2014 03:00,288
18100,18-09-2014 04:00,268
18101,18-09-2014 05:00,200
18102,18-09-2014 06:00,190
18103,18-09-2014 07:00,262
18104,18-09-2014 08:00,306
18105,18-09-2014 09:00,374
18106,18-09-2014 10:00,516
18107,18-09-2014 11:00,596
18108,18-09-2014 12:00,592
18109,18-09-2014 13:00,582
18110,18-09-2014 14:00,580
18111,18-09-2014 15:00,498
18112,18-09-2014 16:00,536
18113,18-09-2014 17:00,522
18114,18-09-2014 18:00,570
18115,18-09-2014 19:00,642
18116,18-09-2014 20:00,576
18117,18-09-2014 21:00,512
18118,18-09-2014 22:00,538
18119,18-09-2014 23:00,524
18120,19-09-2014 00:00,570
18121,19-09-2014 01:00,420
18122,19-09-2014 02:00,324
18123,19-09-2014 03:00,218
18124,19-09-2014 04:00,198
18125,19-09-2014 05:00,208
18126,19-09-2014 06:00,188
18127,19-09-2014 07:00,296
18128,19-09-2014 08:00,256
18129,19-09-2014 09:00,422
18130,19-09-2014 10:00,926
18131,19-09-2014 11:00,874
18132,19-09-2014 12:00,882
18133,19-09-2014 13:00,744
18134,19-09-2014 14:00,742
18135,19-09-2014 15:00,658
18136,19-09-2014 16:00,602
18137,19-09-2014 17:00,730
18138,19-09-2014 18:00,692
18139,19-09-2014 19:00,762
18140,19-09-2014 20:00,644
18141,19-09-2014 21:00,570
18142,19-09-2014 22:00,568
18143,19-09-2014 23:00,540
18144,20-09-2014 00:00,450
18145,20-09-2014 01:00,356
18146,20-09-2014 02:00,248
18147,20-09-2014 03:00,238
18148,20-09-2014 04:00,214
18149,20-09-2014 05:00,210
18150,20-09-2014 06:00,178
18151,20-09-2014 07:00,242
18152,20-09-2014 08:00,222
18153,20-09-2014 09:00,294
18154,20-09-2014 10:00,506
18155,20-09-2014 11:00,460
18156,20-09-2014 12:00,518
18157,20-09-2014 13:00,410
18158,20-09-2014 14:00,362
18159,20-09-2014 15:00,284
18160,20-09-2014 16:00,416
18161,20-09-2014 17:00,310
18162,20-09-2014 18:00,362
18163,20-09-2014 19:00,414
18164,20-09-2014 20:00,364
18165,20-09-2014 21:00,332
18166,20-09-2014 22:00,406
18167,20-09-2014 23:00,390
18168,21-09-2014 00:00,426
18169,21-09-2014 01:00,288
18170,21-09-2014 02:00,228
18171,21-09-2014 03:00,190
18172,21-09-2014 04:00,132
18173,21-09-2014 05:00,138
18174,21-09-2014 06:00,152
18175,21-09-2014 07:00,178
18176,21-09-2014 08:00,188
18177,21-09-2014 09:00,238
18178,21-09-2014 10:00,404
18179,21-09-2014 11:00,460
18180,21-09-2014 12:00,412
18181,21-09-2014 13:00,432
18182,21-09-2014 14:00,386
18183,21-09-2014 15:00,374
18184,21-09-2014 16:00,360
18185,21-09-2014 17:00,400
18186,21-09-2014 18:00,462
18187,21-09-2014 19:00,720
18188,21-09-2014 20:00,650
18189,21-09-2014 21:00,600
18190,21-09-2014 22:00,680
18191,21-09-2014 23:00,604
18192,22-09-2014 00:00,506
18193,22-09-2014 01:00,394
18194,22-09-2014 02:00,278
18195,22-09-2014 03:00,260
18196,22-09-2014 04:00,300
18197,22-09-2014 05:00,210
18198,22-09-2014 06:00,254
18199,22-09-2014 07:00,294
18200,22-09-2014 08:00,394
18201,22-09-2014 09:00,684
18202,22-09-2014 10:00,1054
18203,22-09-2014 11:00,956
18204,22-09-2014 12:00,870
18205,22-09-2014 13:00,732
18206,22-09-2014 14:00,674
18207,22-09-2014 15:00,694
18208,22-09-2014 16:00,718
18209,22-09-2014 17:00,702
18210,22-09-2014 18:00,594
18211,22-09-2014 19:00,736
18212,22-09-2014 20:00,710
18213,22-09-2014 21:00,734
18214,22-09-2014 22:00,632
18215,22-09-2014 23:00,736
18216,23-09-2014 00:00,580
18217,23-09-2014 01:00,440
18218,23-09-2014 02:00,318
18219,23-09-2014 03:00,358
18220,23-09-2014 04:00,218
18221,23-09-2014 05:00,246
18222,23-09-2014 06:00,234
18223,23-09-2014 07:00,322
18224,23-09-2014 08:00,346
18225,23-09-2014 09:00,520
18226,23-09-2014 10:00,794
18227,23-09-2014 11:00,912
18228,23-09-2014 12:00,784
18229,23-09-2014 13:00,668
18230,23-09-2014 14:00,672
18231,23-09-2014 15:00,714
18232,23-09-2014 16:00,638
18233,23-09-2014 17:00,684
18234,23-09-2014 18:00,584
18235,23-09-2014 19:00,736
18236,23-09-2014 20:00,672
18237,23-09-2014 21:00,608
18238,23-09-2014 22:00,612
18239,23-09-2014 23:00,644
18240,24-09-2014 00:00,480
18241,24-09-2014 01:00,368
18242,24-09-2014 02:00,344
18243,24-09-2014 03:00,264
18244,24-09-2014 04:00,262
18245,24-09-2014 05:00,232
18246,24-09-2014 06:00,290
18247,24-09-2014 07:00,338
18248,24-09-2014 08:00,396
18249,24-09-2014 09:00,424
18250,24-09-2014 10:00,778
18251,24-09-2014 11:00,1244
18252,24-09-2014 12:00,1092
18253,24-09-2014 13:00,868
18254,24-09-2014 14:00,884
18255,24-09-2014 15:00,810
18256,24-09-2014 16:00,850
18257,24-09-2014 17:00,1054
18258,24-09-2014 18:00,966
18259,24-09-2014 19:00,1178
18260,24-09-2014 20:00,1008
18261,24-09-2014 21:00,936
18262,24-09-2014 22:00,848
18263,24-09-2014 23:00,942
18264,25-09-2014 00:00,686
18265,25-09-2014 01:00,546
18266,25-09-2014 02:00,550
18267,25-09-2014 03:00,416
18268,25-09-2014 04:00,344
18269,25-09-2014 05:00,334
18270,25-09-2014 06:00,416
18271,25-09-2014 07:00,498
18272,25-09-2014 08:00,482
18273,25-09-2014 09:00,512
18274,25-09-2014 10:00,724
18275,25-09-2014 11:00,656
18276,25-09-2014 12:00,672
18277,25-09-2014 13:00,642
18278,25-09-2014 14:00,616
18279,25-09-2014 15:00,686
18280,25-09-2014 16:00,654
18281,25-09-2014 17:00,622
18282,25-09-2014 18:00,680
18283,25-09-2014 19:00,868
18284,25-09-2014 20:00,732
18285,25-09-2014 21:00,702
18286,25-09-2014 22:00,580
18287,25-09-2014 23:00,534
